Entity Type,Entity Name,Strapi Field,Current Website Asset,Current Website Path,Expected Media Type,Migration Status,Notes
"Product","Open Mouth Packer","heroImage","/assets/machines/open-mouth-single-hero.png","/assets/machines/open-mouth-single-hero.png","images","Pending media migration","Verified on Next.js disk"
"Product","Open Mouth Packer","gallery[0]","/assets/machines/open-mouth-single-hero.png","/assets/machines/open-mouth-single-hero.png","images","Pending media migration","Verified on Next.js disk"
"Product","Open Mouth Packer","gallery[1]","/assets/machines/open-mouth-double-hero.png","/assets/machines/open-mouth-double-hero.png","images","Pending media migration","Verified on Next.js disk"
"Product","Open Mouth Packer","gallery[2]","/assets/machines/open-mouth-packers.png","/assets/machines/open-mouth-packers.png","images","Pending media migration","Verified on Next.js disk"
"Product","Open Mouth Packer","gallery[3]","/assets/machines/stitching-conveyor-hero.png","/assets/machines/stitching-conveyor-hero.png","images","Pending media migration","Verified on Next.js disk"
"Product","Open Mouth Packer","brochure","/assets/machines/open-mouth-packers.png","/assets/machines/open-mouth-packers.png","files","Pending media migration","Verified on Next.js disk"
"Product","Valve Type Packer","heroImage","/assets/machines/valve-hero-single-spout.png","/assets/machines/valve-hero-single-spout.png","images","Pending media migration","Verified on Next.js disk"
"Product","Valve Type Packer","gallery[0]","/assets/machines/valve-hero-single-spout.png","/assets/machines/valve-hero-single-spout.png","images","Pending media migration","Verified on Next.js disk"
"Product","Valve Type Packer","gallery[1]","/assets/machines/gallery_thumb_2.png","/assets/machines/gallery_thumb_2.png","images","Pending media migration","Verified on Next.js disk"
"Product","Valve Type Packer","gallery[2]","/assets/machines/gallery_thumb_3.png","/assets/machines/gallery_thumb_3.png","images","Pending media migration","Verified on Next.js disk"
"Product","Valve Type Packer","gallery[3]","/assets/machines/gallery_thumb_4.png","/assets/machines/gallery_thumb_4.png","images","Pending media migration","Verified on Next.js disk"
"Product","Valve Type Packer","brochure","/assets/machines/valve-type-packers.png","/assets/machines/valve-type-packers.png","files","Pending media migration","Verified on Next.js disk"
"Product","Twin Screw Packer","heroImage","/assets/machines/twin-screw-packer-master-hero.png","/assets/machines/twin-screw-packer-master-hero.png","images","Pending media migration","Verified on Next.js disk"
"Product","Twin Screw Packer","gallery[0]","/assets/machines/twin-screw-packer-master-hero.png","/assets/machines/twin-screw-packer-master-hero.png","images","Pending media migration","Verified on Next.js disk"
"Product","Twin Screw Packer","gallery[1]","/assets/machines/twin-screw-hero.png","/assets/machines/twin-screw-hero.png","images","Pending media migration","Verified on Next.js disk"
"Product","Twin Screw Packer","gallery[2]","/assets/machines/twin-screw-clamp-detail.png","/assets/machines/twin-screw-clamp-detail.png","images","Pending media migration","Verified on Next.js disk"
"Product","Twin Screw Packer","gallery[3]","/assets/machines/twin-screw-packer-specs.png","/assets/machines/twin-screw-packer-specs.png","images","Pending media migration","Verified on Next.js disk"
"Product","Twin Screw Packer","brochure","/assets/machines/twin-screw-packer-specs.png","/assets/machines/twin-screw-packer-specs.png","files","Pending media migration","Verified on Next.js disk"
"Product","Screw Net Bagging Machine","heroImage","/assets/machines/screw-net-bagging/screw-nb-hero-scene-hd.jpg","/assets/machines/screw-net-bagging/screw-nb-hero-scene-hd.jpg","images","Pending media migration","Verified on Next.js disk"
"Product","Screw Net Bagging Machine","gallery[0]","/assets/machines/screw-net-bagging/screw-nb-hero-scene-hd.jpg","/assets/machines/screw-net-bagging/screw-nb-hero-scene-hd.jpg","images","Pending media migration","Verified on Next.js disk"
"Product","Screw Net Bagging Machine","gallery[1]","/assets/reference_net_bagging/ref_card_3_hd.jpg","/assets/reference_net_bagging/ref_card_3_hd.jpg","images","Pending media migration","Verified on Next.js disk"
"Product","Screw Net Bagging Machine","gallery[2]","/assets/reference_net_bagging/ref_card_1_hd.jpg","/assets/reference_net_bagging/ref_card_1_hd.jpg","images","Pending media migration","Verified on Next.js disk"
"Product","Screw Net Bagging Machine","gallery[3]","/assets/machines/screw-net-bagging/step-01-feeding-hd.jpg","/assets/machines/screw-net-bagging/step-01-feeding-hd.jpg","images","Pending media migration","Verified on Next.js disk"
"Product","Screw Net Bagging Machine","gallery[4]","/assets/machines/screw-net-bagging/step-02-weighing-hd.jpg","/assets/machines/screw-net-bagging/step-02-weighing-hd.jpg","images","Pending media migration","Verified on Next.js disk"
"Product","Screw Net Bagging Machine","gallery[5]","/assets/machines/screw-net-bagging/step-04-discharge-hd.jpg","/assets/machines/screw-net-bagging/step-04-discharge-hd.jpg","images","Pending media migration","Verified on Next.js disk"
"Product","Screw Net Bagging Machine","brochure","/assets/machines/single-screw-net-bagging-brochure.png","/assets/machines/single-screw-net-bagging-brochure.png","files","Pending media migration","Verified on Next.js disk"
"Product","Single Screw Net Bagging Machine","heroImage","/assets/machines/single-screw-nb.png","/assets/machines/single-screw-nb.png","images","Pending media migration","Verified on Next.js disk"
"Product","Single Screw Net Bagging Machine","gallery[0]","/assets/machines/single-screw-nb.png","/assets/machines/single-screw-nb.png","images","Pending media migration","Verified on Next.js disk"
"Product","Single Screw Net Bagging Machine","gallery[1]","/assets/machines/single-screw-net-bagging-brochure.png","/assets/machines/single-screw-net-bagging-brochure.png","images","Pending media migration","Verified on Next.js disk"
"Product","Single Screw Net Bagging Machine","brochure","/assets/machines/single-screw-net-bagging-brochure.png","/assets/machines/single-screw-net-bagging-brochure.png","files","Pending media migration","Verified on Next.js disk"
"Product","Double Screw Net Bagging Machine","heroImage","/assets/machines/double-screw-net-bagging.jpg","/assets/machines/double-screw-net-bagging.jpg","images","Pending media migration","Verified on Next.js disk"
"Product","Double Screw Net Bagging Machine","gallery[0]","/assets/machines/double-screw-net-bagging.jpg","/assets/machines/double-screw-net-bagging.jpg","images","Pending media migration","Verified on Next.js disk"
"Product","Double Screw Net Bagging Machine","gallery[1]","/assets/machines/double-screw-net-bagging-brochure.png","/assets/machines/double-screw-net-bagging-brochure.png","images","Pending media migration","Verified on Next.js disk"
"Product","Double Screw Net Bagging Machine","brochure","/assets/machines/double-screw-net-bagging-brochure.png","/assets/machines/double-screw-net-bagging-brochure.png","files","Pending media migration","Verified on Next.js disk"
"Product","Belt Net Bagging Machine","heroImage","/assets/reference_net_bagging/ref_card_2_hd.jpg","/assets/reference_net_bagging/ref_card_2_hd.jpg","images","Pending media migration","Verified on Next.js disk"
"Product","Belt Net Bagging Machine","gallery[0]","/assets/reference_net_bagging/ref_card_2_hd.jpg","/assets/reference_net_bagging/ref_card_2_hd.jpg","images","Pending media migration","Verified on Next.js disk"
"Product","Belt Net Bagging Machine","gallery[1]","/assets/reference_net_bagging/ref_card_4_hd.jpg","/assets/reference_net_bagging/ref_card_4_hd.jpg","images","Pending media migration","Verified on Next.js disk"
"Product","Belt Net Bagging Machine","gallery[2]","/assets/machines/single-belt-net-bagging.jpg","/assets/machines/single-belt-net-bagging.jpg","images","Pending media migration","Verified on Next.js disk"
"Product","Belt Net Bagging Machine","gallery[3]","/assets/machines/double-belt-net-bagging.jpg","/assets/machines/double-belt-net-bagging.jpg","images","Pending media migration","Verified on Next.js disk"
"Product","Belt Net Bagging Machine","brochure","/assets/machines/single-belt-net-bagging-brochure.png","/assets/machines/single-belt-net-bagging-brochure.png","files","Pending media migration","Verified on Next.js disk"
"Product","Single Belt Net Bagging Machine","heroImage","/assets/machines/single-belt-nb.png","/assets/machines/single-belt-nb.png","images","Pending media migration","Verified on Next.js disk"
"Product","Single Belt Net Bagging Machine","gallery[0]","/assets/machines/single-belt-nb.png","/assets/machines/single-belt-nb.png","images","Pending media migration","Verified on Next.js disk"
"Product","Single Belt Net Bagging Machine","gallery[1]","/assets/machines/single-belt-net-bagging-brochure.png","/assets/machines/single-belt-net-bagging-brochure.png","images","Pending media migration","Verified on Next.js disk"
"Product","Single Belt Net Bagging Machine","brochure","/assets/machines/single-belt-net-bagging-brochure.png","/assets/machines/single-belt-net-bagging-brochure.png","files","Pending media migration","Verified on Next.js disk"
"Product","Double Belt Net Bagging Machine","heroImage","/assets/machines/double-belt-nb.png","/assets/machines/double-belt-nb.png","images","Pending media migration","Verified on Next.js disk"
"Product","Double Belt Net Bagging Machine","gallery[0]","/assets/machines/double-belt-nb.png","/assets/machines/double-belt-nb.png","images","Pending media migration","Verified on Next.js disk"
"Product","Double Belt Net Bagging Machine","gallery[1]","/assets/machines/double-belt-net-bagging-brochure.png","/assets/machines/double-belt-net-bagging-brochure.png","images","Pending media migration","Verified on Next.js disk"
"Product","Double Belt Net Bagging Machine","brochure","/assets/machines/double-belt-net-bagging-brochure.png","/assets/machines/double-belt-net-bagging-brochure.png","files","Pending media migration","Verified on Next.js disk"
"Product","Weigh Feeder","heroImage","/assets/machines/material-handling/weigh-feeder.png","/assets/machines/material-handling/weigh-feeder.png","images","Pending media migration","Verified on Next.js disk"
"Product","Weigh Feeder","gallery[0]","/assets/machines/material-handling/weigh-feeder.png","/assets/machines/material-handling/weigh-feeder.png","images","Pending media migration","Verified on Next.js disk"
"Product","Weigh Feeder","brochure","/assets/machines/material-handling/weigh-feeder.png","/assets/machines/material-handling/weigh-feeder.png","files","Pending media migration","Verified on Next.js disk"
"Product","Vibrator Feeder","heroImage","/assets/machines/material-handling/vibrator-feeder.png","/assets/machines/material-handling/vibrator-feeder.png","images","Pending media migration","Verified on Next.js disk"
"Product","Vibrator Feeder","gallery[0]","/assets/machines/material-handling/vibrator-feeder.png","/assets/machines/material-handling/vibrator-feeder.png","images","Pending media migration","Verified on Next.js disk"
"Product","Vibrator Feeder","brochure","/assets/machines/material-handling/vibrator-feeder.png","/assets/machines/material-handling/vibrator-feeder.png","files","Pending media migration","Verified on Next.js disk"
"Product","Industrial Silo","heroImage","/assets/machines/material-handling/industrial-silo.png","/assets/machines/material-handling/industrial-silo.png","images","Pending media migration","Verified on Next.js disk"
"Product","Industrial Silo","gallery[0]","/assets/machines/material-handling/industrial-silo.png","/assets/machines/material-handling/industrial-silo.png","images","Pending media migration","Verified on Next.js disk"
"Product","Industrial Silo","brochure","/assets/machines/material-handling/industrial-silo.png","/assets/machines/material-handling/industrial-silo.png","files","Pending media migration","Verified on Next.js disk"
"Product","Stitching Machine","heroImage","/assets/machines/stitching-machine-hero.png","/assets/machines/stitching-machine-hero.png","images","Pending media migration","Verified on Next.js disk"
"Product","Stitching Machine","gallery[0]","/assets/machines/stitching-machine-hero.png","/assets/machines/stitching-machine-hero.png","images","Pending media migration","Verified on Next.js disk"
"Product","Stitching Machine","gallery[1]","/assets/machines/stitching-machine.png","/assets/machines/stitching-machine.png","images","Pending media migration","Verified on Next.js disk"
"Product","Stitching Machine","gallery[2]","/assets/machines/stitching-conveyor-hero.png","/assets/machines/stitching-conveyor-hero.png","images","Pending media migration","Verified on Next.js disk"
"Product","Stitching Machine","brochure","/assets/machines/stitching-machine.png","/assets/machines/stitching-machine.png","files","Pending media migration","Verified on Next.js disk"
"Solution","Cement Packing Plant","heroImage","/assets/cement-plant/hero_plant_hd.png","/assets/cement-plant/hero_plant_hd.png","images","Pending media migration","Verified on Next.js disk"
"Solution","Cement Packing Plant","diagramImage","/assets/cement-plant/process_flow_diagram_hd.png","/assets/cement-plant/process_flow_diagram_hd.png","images","Pending media migration","Verified on Next.js disk"
"Solution","Cement Packing Plant","gallery[0]","/assets/cement-plant/gallery_1_silos_hd.webp","/assets/cement-plant/gallery_1_silos_hd.webp","images","Pending media migration","Verified on Next.js disk"
"Solution","Cement Packing Plant","gallery[1]","/assets/cement-plant/gallery_2_line_hd.webp","/assets/cement-plant/gallery_2_line_hd.webp","images","Pending media migration","Verified on Next.js disk"
"Solution","Cement Packing Plant","gallery[2]","/assets/cement-plant/gallery_3_spout_hd.webp","/assets/cement-plant/gallery_3_spout_hd.webp","images","Pending media migration","Verified on Next.js disk"
"Solution","Cement Packing Plant","gallery[3]","/assets/cement-plant/gallery_4_warehouse_hd.webp","/assets/cement-plant/gallery_4_warehouse_hd.webp","images","Pending media migration","Verified on Next.js disk"
"Solution","Cement Packing Plant","brochure","/assets/machines/brochure-cover.png","/assets/machines/brochure-cover.png","files","Pending media migration","Verified on Next.js disk"
"Solution","Drymix / Readymix Mortar Plant","heroImage","/assets/drymix-plant/hero_drymix_plant.png","/assets/drymix-plant/hero_drymix_plant.png","images","Pending media migration","Verified on Next.js disk"
"Solution","Drymix / Readymix Mortar Plant","diagramImage","/assets/machines/drymix-plant-diagram.png","/assets/machines/drymix-plant-diagram.png","images","Pending media migration","Verified on Next.js disk"
"Solution","Drymix / Readymix Mortar Plant","gallery[0]","/assets/drymix-plant/gallery_1_silos.webp","/assets/drymix-plant/gallery_1_silos.webp","images","Pending media migration","Verified on Next.js disk"
"Solution","Drymix / Readymix Mortar Plant","gallery[1]","/assets/drymix-plant/gallery_2_mixer_tower.webp","/assets/drymix-plant/gallery_2_mixer_tower.webp","images","Pending media migration","Verified on Next.js disk"
"Solution","Drymix / Readymix Mortar Plant","gallery[2]","/assets/drymix-plant/gallery_3_conveyor_bags.webp","/assets/drymix-plant/gallery_3_conveyor_bags.webp","images","Pending media migration","Verified on Next.js disk"
"Solution","Drymix / Readymix Mortar Plant","gallery[3]","/assets/drymix-plant/gallery_4_pallet_dispatch.webp","/assets/drymix-plant/gallery_4_pallet_dispatch.webp","images","Pending media migration","Verified on Next.js disk"
"Solution","Drymix / Readymix Mortar Plant","brochure","/assets/machines/brochure-cover.png","/assets/machines/brochure-cover.png","files","Pending media migration","Verified on Next.js disk"
"Spare Part","Air Flow Regulator 1/4"" (Festo)","image","/assets/parts/p19_part3.png","/assets/parts/p19_part3.png","images","Pending media migration","Verified on Next.js disk"
"Spare Part","Air Flow Regulator 1/8"" (Festo)","image","/assets/parts/p19_part3.png","/assets/parts/p19_part3.png","images","Pending media migration","Verified on Next.js disk"
"Spare Part","Solenoid Valve MFH-3 1/4"" (Festo)","image","/assets/parts/p19_part4.png","/assets/parts/p19_part4.png","images","Pending media migration","Verified on Next.js disk"
"Spare Part","Solenoid Valve MFH-5 1/4"" (Festo)","image","/assets/parts/p19_part5.png","/assets/parts/p19_part5.png","images","Pending media migration","Verified on Next.js disk"
"Spare Part","S.V. Coil 24V DC","image","/assets/parts/p19_part8.png","/assets/parts/p19_part8.png","images","Pending media migration","Verified on Next.js disk"
"Spare Part","FRL Unit Complete Set (Shavo)","image","/assets/parts/p21_part12.png","/assets/parts/p21_part12.png","images","Pending media migration","Verified on Next.js disk"
"Spare Part","FRL Unit Modular (Festo)","image","/assets/parts/p19_part16.png","/assets/parts/p19_part16.png","images","Pending media migration","Verified on Next.js disk"
"Spare Part","Filter for Aeration 1/4""","image","/assets/parts/p19_part11.png","/assets/parts/p19_part11.png","images","Pending media migration","Verified on Next.js disk"
"Spare Part","S.V. Filter (Blue)","image","/assets/parts/p19_part9.png","/assets/parts/p19_part9.png","images","Pending media migration","Verified on Next.js disk"
"Spare Part","Nipple PU 12mm × 1/4"" with Washer","image","/assets/parts/p19_part12.png","/assets/parts/p19_part12.png","images","Pending media migration","Verified on Next.js disk"
"Spare Part","Bulk Head Nipple Assembly","image","/assets/parts/p21_part13.png","/assets/parts/p21_part13.png","images","Pending media migration","Verified on Next.js disk"
"Spare Part","Load Cell HBM Precision Bending Beam","image","/assets/parts/p21_part4.png","/assets/parts/p21_part4.png","images","Pending media migration","Verified on Next.js disk"
"Spare Part","Load Cell T66 200KG Hermetic Beam","image","/assets/parts/p21_part9.png","/assets/parts/p21_part9.png","images","Pending media migration","Verified on Next.js disk"
"Spare Part","Microprocessor Electrical Controller with Digital Display","image","/assets/parts/p21_part8.png","/assets/parts/p21_part8.png","images","Pending media migration","Verified on Next.js disk"
"Spare Part","Phoenix Contact Relay with Base","image","/assets/parts/p20_part3.png","/assets/parts/p20_part3.png","images","Pending media migration","Verified on Next.js disk"
"Spare Part","Phoenix Contact Relay (Module Only)","image","/assets/parts/p20_part3.png","/assets/parts/p20_part3.png","images","Pending media migration","Verified on Next.js disk"
"Spare Part","Inductive Proximity Switch Sensor","image","/assets/parts/p20_part7.png","/assets/parts/p20_part7.png","images","Pending media migration","Verified on Next.js disk"
"Spare Part","Emergency Stop Mushroom Switch (Twist to Release)","image","/assets/parts/p20_part9.png","/assets/parts/p20_part9.png","images","Pending media migration","Verified on Next.js disk"
"Spare Part","Industrial SMPS Power Supply (24V DC)","image","/assets/parts/p20_part12.png","/assets/parts/p20_part12.png","images","Pending media migration","Verified on Next.js disk"
"Spare Part","Thermal Overload Relay (11 – 16A)","image","/assets/parts/p20_part13.png","/assets/parts/p20_part13.png","images","Pending media migration","Verified on Next.js disk"
"Spare Part","Heavy Duty Guarded Foot Switch","image","/assets/parts/p21_part11.png","/assets/parts/p21_part11.png","images","Pending media migration","Verified on Next.js disk"
"Spare Part","Impeller Shaft (Machined EN8/EN24)","image","/assets/parts/p21_part3.png","/assets/parts/p21_part3.png","images","Pending media migration","Verified on Next.js disk"
"Spare Part","Casing Assembly Complete Set","image","/assets/parts/p20_part17.png","/assets/parts/p20_part17.png","images","Pending media migration","Verified on Next.js disk"
"Spare Part","Impeller (Balanced 4-Vane Heavy Duty)","image","/assets/parts/p20_part19.png","/assets/parts/p20_part19.png","images","Pending media migration","Verified on Next.js disk"
"Spare Part","Deep Groove Ball Bearings (6209 / 6210 C3)","image","/assets/parts/p20_part22.png","/assets/parts/p20_part22.png","images","Pending media migration","Verified on Next.js disk"
"Spare Part","Bearing Housing Body","image","/assets/parts/p20_part18.png","/assets/parts/p20_part18.png","images","Pending media migration","Verified on Next.js disk"
"Spare Part","Pressure Gauge (Glycerin Filled 0–10 Bar)","image","/assets/parts/p19_part25.png","/assets/parts/p19_part25.png","images","Pending media migration","Verified on Next.js disk"
"Spare Part","Oil Seal & Dust Seal Complete Set","image","/assets/parts/p19_part18.png","/assets/parts/p19_part18.png","images","Pending media migration","Verified on Next.js disk"
"Spare Part","Spout Pipe (Hardened Wear-Resistant Alloy)","image","/assets/parts/p19_part23.png","/assets/parts/p19_part23.png","images","Pending media migration","Verified on Next.js disk"
"Spare Part","S.S. Clamp for Spout Pipe","image","/assets/parts/p20_part21.png","/assets/parts/p20_part21.png","images","Pending media migration","Verified on Next.js disk"
"Spare Part","Slide Gate Assembly with Stud & Spring","image","/assets/parts/p21_part17.png","/assets/parts/p21_part17.png","images","Pending media migration","Verified on Next.js disk"
"Spare Part","Slide Gate Cylinder & Heavy Mounting Bracket","image","/assets/parts/p21_part15.png","/assets/parts/p21_part15.png","images","Pending media migration","Verified on Next.js disk"
"Spare Part","Bag Holding Rubber Shoe","image","/assets/parts/p21_part18.png","/assets/parts/p21_part18.png","images","Pending media migration","Verified on Next.js disk"
"Spare Part","Bag Ejector Cylinder Assembly","image","/assets/parts/p21_part20.png","/assets/parts/p21_part20.png","images","Pending media migration","Verified on Next.js disk"
"Spare Part","Total Leakage Kit (Complete Gasket & Seal Renewal Set)","image","/assets/parts/p21_part19.png","/assets/parts/p21_part19.png","images","Pending media migration","Verified on Next.js disk"
"Client","ACC Limited","logo","/images/homepage/clients/rs-client-acc.webp","/images/homepage/clients/rs-client-acc.webp","images","Pending media migration","Verified on Next.js disk"
"Client","Somany Ceramics","logo","/images/homepage/clients/rs-client-somany-ceramics.webp","/images/homepage/clients/rs-client-somany-ceramics.webp","images","Pending media migration","Verified on Next.js disk"
"Client","Adani Wilmar","logo","/images/homepage/clients/rs-client-adani-wilmar.webp","/images/homepage/clients/rs-client-adani-wilmar.webp","images","Pending media migration","Verified on Next.js disk"
"Client","Magicrete Building Solutions","logo","/images/homepage/clients/rs-client-magicrete.webp","/images/homepage/clients/rs-client-magicrete.webp","images","Pending media migration","Verified on Next.js disk"
"Client","Walplast Products","logo","/images/homepage/clients/rs-client-walplast.webp","/images/homepage/clients/rs-client-walplast.webp","images","Pending media migration","Verified on Next.js disk"
"Client","Bronco Built-Tech","logo","/images/homepage/clients/rs-client-bronco.webp","/images/homepage/clients/rs-client-bronco.webp","images","Pending media migration","Verified on Next.js disk"
"Client","KP Cement","logo","/images/homepage/clients/rs-client-kp-cement.webp","/images/homepage/clients/rs-client-kp-cement.webp","images","Pending media migration","Verified on Next.js disk"
"Client","Basco Paints","logo","/images/homepage/clients/rs-client-basco-paints.webp","/images/homepage/clients/rs-client-basco-paints.webp","images","Pending media migration","Verified on Next.js disk"
"Client","Eazy Buildcon","logo","/images/homepage/clients/rs-client-eazy-buildcon.webp","/images/homepage/clients/rs-client-eazy-buildcon.webp","images","Pending media migration","Verified on Next.js disk"
"Client","Kilimanjaro Cement","logo","/images/homepage/clients/rs-client-kilimanjaro.webp","/images/homepage/clients/rs-client-kilimanjaro.webp","images","Pending media migration","Verified on Next.js disk"
"Client","Shiva Techno","logo","/images/homepage/clients/rs-client-shiva-techno.webp","/images/homepage/clients/rs-client-shiva-techno.webp","images","Pending media migration","Verified on Next.js disk"
"Client","Sakarni Plaster & Putty","logo","/images/homepage/clients/rs-client-sakarni.webp","/images/homepage/clients/rs-client-sakarni.webp","images","Pending media migration","Verified on Next.js disk"
"Client","Supertech","logo","/images/homepage/clients/rs-client-supertech.webp","/images/homepage/clients/rs-client-supertech.webp","images","Pending media migration","Verified on Next.js disk"
"Client","Shaktishali Cement","logo","/images/homepage/clients/rs-client-shaktishali-cement.webp","/images/homepage/clients/rs-client-shaktishali-cement.webp","images","Pending media migration","Verified on Next.js disk"
"Client","BuildTech Solutions","logo","/images/homepage/clients/rs-client-buildtech.webp","/images/homepage/clients/rs-client-buildtech.webp","images","Pending media migration","Verified on Next.js disk"
"Client","Dynatech Projects","logo","/images/homepage/clients/rs-client-dynatech.webp","/images/homepage/clients/rs-client-dynatech.webp","images","Pending media migration","Verified on Next.js disk"
"Client","Kaneria Plast","logo","/images/homepage/clients/rs-client-kaneria.webp","/images/homepage/clients/rs-client-kaneria.webp","images","Pending media migration","Verified on Next.js disk"
"Client","RMX Readymix","logo","/images/homepage/clients/rs-client-rmx.webp","/images/homepage/clients/rs-client-rmx.webp","images","Pending media migration","Verified on Next.js disk"
"Client","Ferrous Processing","logo","/images/homepage/clients/rs-client-ferrous.webp","/images/homepage/clients/rs-client-ferrous.webp","images","Pending media migration","Verified on Next.js disk"
"Client","Firstchoice RMC & Putty","logo","/images/homepage/clients/rs-client-firstchoice.webp","/images/homepage/clients/rs-client-firstchoice.webp","images","Pending media migration","Verified on Next.js disk"
"Client","AB Engineering","logo","/images/homepage/clients/rs-client-ab-engi.webp","/images/homepage/clients/rs-client-ab-engi.webp","images","Pending media migration","Verified on Next.js disk"
"Client","Gadhiya Minerals","logo","/images/homepage/clients/rs-client-gadhiya.webp","/images/homepage/clients/rs-client-gadhiya.webp","images","Pending media migration","Verified on Next.js disk"
"Home","Slide 1","heroSlides[0].desktopImage","/images/homepage/webp/rs-home-hero.webp","/images/homepage/webp/rs-home-hero.webp","images","Pending media migration","Verified on Next.js disk"
"Home","Slide 2","heroSlides[1].desktopImage","/images/homepage/hero/rs-hero-machine-slide.webp","/images/homepage/hero/rs-hero-machine-slide.webp","images","Pending media migration","Verified on Next.js disk"
"Home","Slide 3","heroSlides[2].desktopImage","/images/homepage/hero/rs-hero-machine-slide.webp","/images/homepage/hero/rs-hero-machine-slide.webp","images","Pending media migration","Verified on Next.js disk"
"About","About Page","heroImage","/images/homepage/company/rs-about-engineer.webp","/images/homepage/company/rs-about-engineer.webp","images","Pending media migration","Verified on Next.js disk"
"About","About Page","capabilities[0].image","/images/homepage/company/rs-about-precision.webp","/images/homepage/company/rs-about-precision.webp","images","Pending media migration","Verified on Next.js disk"
"About","About Page","capabilities[1].image","/images/homepage/company/rs-about-engineering.webp","/images/homepage/company/rs-about-engineering.webp","images","Pending media migration","Verified on Next.js disk"
"About","About Page","capabilities[2].image","/images/homepage/company/rs-about-delivery.webp","/images/homepage/company/rs-about-delivery.webp","images","Pending media migration","Verified on Next.js disk"
"Spare Parts Page","Catalogue Banner","heroImage","/assets/machines/rs-spare-parts-hero.jpg","/assets/machines/rs-spare-parts-hero.jpg","images","Pending media migration","Verified on Next.js disk"
"Site Settings","Header Logo","logo","/images/homepage/brand/rs-enterprises-logo-header.webp","/images/homepage/brand/rs-enterprises-logo-header.webp","images","Pending media migration","Verified on Next.js disk"
"Site Settings","Browser Favicon","favicon","/favicon.png","/favicon.png","images","Pending media migration","Referenced in catalog"